Workbook

Sheet Controle Pagamentos
B1: CONTROLE DE PAGAMENTO — FINANCIAMENTO IMOBILIÁRIO
B3: DADOS DO CONTRATO
B4: Cliente: | C4: HENRY MAGNO DE OLIVEIRA SILVA | I4: CPF: | J4: 074.927.647-90
B5: Imóvel: | C5: Lote 13, Quadra C — Res. Parque das Nogueiras | I5: Data Contrato: | J5: 44034
B6: Valor Total: | C6: 186334.81 | E6: Entrada: | F6: 100000 | H6: Saldo: | I6: 86334.81 | K6: Parcelas: | L6: 120 × dia 10
B8: IDENTIFICAÇÃO | F8: VALORES (R$) | I8: IGPM | K8: CORREÇÃO ANUAL | P8: ENCARGOS ATRASO
B9: Nº | C9: ANO | D9: MÊS | E9: DATA PGTO | F9: VLR A PAGAR | G9: VLR PAGO | H9: SALDO BASE | I9: NÚM. ÍNDICE | J9: VAR. MENSAL | K9: IGPM ACUM 12M | L9: BASE ATUAL. | M9: JUROS COMP. | N9: VALOR ATUAL. | O9: SALDO DEVEDOR | P9: MULTA 2% | Q9: JUROS MORA 0,033%/dia
B10: ENT. | C10: 2020 | D10: JUL | E10: 44034 | F10: 100000 | G10: 100000 | H10: 86334.81 | I10: ='Índices IGPM'!C5 -> 810.083 | L10: =H10 -> 86334.81 | N10: =H10 -> 86334.81 | O10: =H10 -> 86334.81
B11: 1 | C11: 2020 | D11: AGO | F11: =Reajustes!H4 -> 719.46 | H11: =O10-IF(G11="",0,G11) -> 86334.81 | I11: ='Índices IGPM'!C6 -> 832.313 | J11: ='Índices IGPM'!D6 -> 0.027441633 | L11: =H11 -> 86334.81 | N11: =H11 -> 86334.81 | O11: =H11 -> 86334.81 | P11: =IF(AND(E11<>"",DAY(E11)>10),F11*0.02,0) -> 0 | Q11: =IF(AND(E11<>"",DAY(E11)>10),F11*0.00033*(DAY(E11)-10),0) -> 0
B12: 2 | C12: 2020 | D12: SET | F12: =Reajustes!H4 -> 719.46 | H12: =O11-IF(G12="",0,G12) -> 86334.81 | I12: ='Índices IGPM'!C7 -> 868.442 | J12: ='Índices IGPM'!D7 -> 0.043407949 | L12: =H12 -> 86334.81 | N12: =H12 -> 86334.81 | O12: =H12 -> 86334.81 | P12: =IF(AND(E12<>"",DAY(E12)>10),F12*0.02,0) -> 0 | Q12: =IF(AND(E12<>"",DAY(E12)>10),F12*0.00033*(DAY(E12)-10),0) -> 0
B13: 3 | C13: 2020 | D13: OUT | F13: =Reajustes!H4 -> 719.46 | H13: =O12-IF(G13="",0,G13) -> 86334.81 | I13: ='Índices IGPM'!C8 -> 896.505 | J13: ='Índices IGPM'!D8 -> 0.03231419 | L13: =H13 -> 86334.81 | N13: =H13 -> 86334.81 | O13: =H13 -> 86334.81 | P13: =IF(AND(E13<>"",DAY(E13)>10),F13*0.02,0) -> 0 | Q13: =IF(AND(E13<>"",DAY(E13)>10),F13*0.00033*(DAY(E13)-10),0) -> 0
B14: 4 | C14: 2020 | D14: NOV | F14: =Reajustes!H4 -> 719.46 | H14: =O13-IF(G14="",0,G14) -> 86334.81 | I14: ='Índices IGPM'!C9 -> 925.887 | J14: ='Índices IGPM'!D9 -> 0.032773939 | L14: =H14 -> 86334.81 | N14: =H14 -> 86334.81 | O14: =H14 -> 86334.81 | P14: =IF(AND(E14<>"",DAY(E14)>10),F14*0.02,0) -> 0 | Q14: =IF(AND(E14<>"",DAY(E14)>10),F14*0.00033*(DAY(E14)-10),0) -> 0
B15: 5 | C15: 2020 | D15: DEZ | F15: =Reajustes!H4 -> 719.46 | H15: =O14-IF(G15="",0,G15) -> 86334.81 | I15: ='Índices IGPM'!C10 -> 934.758 | J15: ='Índices IGPM'!D10 -> 0.0095810828 | L15: =H15 -> 86334.81 | N15: =H15 -> 86334.81 | O15: =H15 -> 86334.81 | P15: =IF(AND(E15<>"",DAY(E15)>10),F15*0.02,0) -> 0 | Q15: =IF(AND(E15<>"",DAY(E15)>10),F15*0.00033*(DAY(E15)-10),0) -> 0
B16: 6 | C16: 2021 | D16: JAN | F16: =Reajustes!H4 -> 719.46 | H16: =O15-IF(G16="",0,G16) -> 86334.81 | I16: ='Índices IGPM'!C11 -> 958.844 | J16: ='Índices IGPM'!D11 -> 0.025767097 | L16: =H16 -> 86334.81 | N16: =H16 -> 86334.81 | O16: =H16 -> 86334.81 | P16: =IF(AND(E16<>"",DAY(E16)>10),F16*0.02,0) -> 0 | Q16: =IF(AND(E16<>"",DAY(E16)>10),F16*0.00033*(DAY(E16)-10),0) -> 0
B17: 7 | C17: 2021 | D17: FEV | F17: =Reajustes!H4 -> 719.46 | H17: =O16-IF(G17="",0,G17) -> 86334.81 | I17: ='Índices IGPM'!C12 -> 983.063 | J17: ='Índices IGPM'!D12 -> 0.02525854 | L17: =H17 -> 86334.81 | N17: =H17 -> 86334.81 | O17: =H17 -> 86334.81 | P17: =IF(AND(E17<>"",DAY(E17)>10),F17*0.02,0) -> 0 | Q17: =IF(AND(E17<>"",DAY(E17)>10),F17*0.00033*(DAY(E17)-10),0) -> 0
B18: 8 | C18: 2021 | D18: MAR | F18: =Reajustes!H4 -> 719.46 | H18: =O17-IF(G18="",0,G18) -> 86334.81 | I18: ='Índices IGPM'!C13 -> 1011.948 | J18: ='Índices IGPM'!D13 -> 0.029382654 | L18: =H18 -> 86334.81 | N18: =H18 -> 86334.81 | O18: =H18 -> 86334.81 | P18: =IF(AND(E18<>"",DAY(E18)>10),F18*0.02,0) -> 0 | Q18: =IF(AND(E18<>"",DAY(E18)>10),F18*0.00033*(DAY(E18)-10),0) -> 0
B19: 9 | C19: 2021 | D19: ABR | F19: =Reajustes!H4 -> 719.46 | H19: =O18-IF(G19="",0,G19) -> 86334.81 | I19: ='Índices IGPM'!C14 -> 1027.211 | J19: ='Índices IGPM'!D14 -> 0.015082791 | L19: =H19 -> 86334.81 | N19: =H19 -> 86334.81 | O19: =H19 -> 86334.81 | P19: =IF(AND(E19<>"",DAY(E19)>10),F19*0.02,0) -> 0 | Q19: =IF(AND(E19<>"",DAY(E19)>10),F19*0.00033*(DAY(E19)-10),0) -> 0
B20: 10 | C20: 2021 | D20: MAI | F20: =Reajustes!H4 -> 719.46 | H20: =O19-IF(G20="",0,G20) -> 86334.81 | I20: ='Índices IGPM'!C15 -> 1069.289 | J20: ='Índices IGPM'!D15 -> 0.040963346 | L20: =H20 -> 86334.81 | N20: =H20 -> 86334.81 | O20: =H20 -> 86334.81 | P20: =IF(AND(E20<>"",DAY(E20)>10),F20*0.02,0) -> 0 | Q20: =IF(AND(E20<>"",DAY(E20)>10),F20*0.00033*(DAY(E20)-10),0) -> 0
B21: 11 | C21: 2021 | D21: JUN | F21: =Reajustes!H4 -> 719.46 | H21: =O20-IF(G21="",0,G21) -> 86334.81 | I21: ='Índices IGPM'!C16 -> 1075.733 | J21: ='Índices IGPM'!D16 -> 0.0060264344 | L21: =H21 -> 86334.81 | N21: =H21 -> 86334.81 | O21: =H21 -> 86334.81 | P21: =IF(AND(E21<>"",DAY(E21)>10),F21*0.02,0) -> 0 | Q21: =IF(AND(E21<>"",DAY(E21)>10),F21*0.00033*(DAY(E21)-10),0) -> 0
B22: 12 | C22: 2021 | D22: JUL | F22: =Reajustes!H4 -> 719.46 | H22: =O21-IF(G22="",0,G22) -> 86334.81 | I22: ='Índices IGPM'!C17 -> 1084.095 | J22: ='Índices IGPM'!D17 -> 0.0077733043 | K22: =Reajustes!F4 -> 0.33825176 | L22: =IF(K22=0,H22,H22*(1+K22)) -> 115537.71 | M22: =Reajustes!E5 -> 0.074424168 | N22: =L22*(1+M22) -> 124136.51 | O22: =N22 -> 124136.51 | P22: =IF(AND(E22<>"",DAY(E22)>10),F22*0.02,0) -> 0 | Q22: =IF(AND(E22<>"",DAY(E22)>10),F22*0.00033*(DAY(E22)-10),0) -> 0
B23: 13 | C23: 2021 | D23: AGO | F23: =Reajustes!H5 -> 1034.4756 | H23: =O22-IF(G23="",0,G23) -> 124136.51 | I23: ='Índices IGPM'!C18 -> 1091.29 | J23: ='Índices IGPM'!D18 -> 0.0066368722 | L23: =H23 -> 124136.51 | N23: =H23 -> 124136.51 | O23: =H23 -> 124136.51 | P23: =IF(AND(E23<>"",DAY(E23)>10),F23*0.02,0) -> 0 | Q23: =IF(AND(E23<>"",DAY(E23)>10),F23*0.00033*(DAY(E23)-10),0) -> 0
B24: 14 | C24: 2021 | D24: SET | F24: =Reajustes!H5 -> 1034.4756 | H24: =O23-IF(G24="",0,G24) -> 124136.51 | I24: ='Índices IGPM'!C19 -> 1084.312 | J24: ='Índices IGPM'!D19 -> -0.0063942673 | L24: =H24 -> 124136.51 | N24: =H24 -> 124136.51 | O24: =H24 -> 124136.51 | P24: =IF(AND(E24<>"",DAY(E24)>10),F24*0.02,0) -> 0 | Q24: =IF(AND(E24<>"",DAY(E24)>10),F24*0.00033*(DAY(E24)-10),0) -> 0
B25: 15 | C25: 2021 | D25: OUT | F25: =Reajustes!H5 -> 1034.4756 | H25: =O24-IF(G25="",0,G25) -> 124136.51 | I25: ='Índices IGPM'!C20 -> 1091.283 | J25: ='Índices IGPM'!D20 -> 0.0064289614 | L25: =H25 -> 124136.51 | N25: =H25 -> 124136.51 | O25: =H25 -> 124136.51 | P25: =IF(AND(E25<>"",DAY(E25)>10),F25*0.02,0) -> 0 | Q25: =IF(AND(E25<>"",DAY(E25)>10),F25*0.00033*(DAY(E25)-10),0) -> 0
B26: 16 | C26: 2021 | D26: NOV | F26: =Reajustes!H5 -> 1034.4756 | H26: =O25-IF(G26="",0,G26) -> 124136.51 | I26: ='Índices IGPM'!C21 -> 1091.483 | J26: ='Índices IGPM'!D21 -> 0.00018327052 | L26: =H26 -> 124136.51 | N26: =H26 -> 124136.51 | O26: =H26 -> 124136.51 | P26: =IF(AND(E26<>"",DAY(E26)>10),F26*0.02,0) -> 0 | Q26: =IF(AND(E26<>"",DAY(E26)>10),F26*0.00033*(DAY(E26)-10),0) -> 0
B27: 17 | C27: 2021 | D27: DEZ | F27: =Reajustes!H5 -> 1034.4756 | H27: =O26-IF(G27="",0,G27) -> 124136.51 | I27: ='Índices IGPM'!C22 -> 1100.988 | J27: ='Índices IGPM'!D22 -> 0.0087083354 | L27: =H27 -> 124136.51 | N27: =H27 -> 124136.51 | O27: =H27 -> 124136.51 | P27: =IF(AND(E27<>"",DAY(E27)>10),F27*0.02,0) -> 0 | Q27: =IF(AND(E27<>"",DAY(E27)>10),F27*0.00033*(DAY(E27)-10),0) -> 0
B28: 18 | C28: 2022 | D28: JAN | F28: =Reajustes!H5 -> 1034.4756 | H28: =O27-IF(G28="",0,G28) -> 124136.51 | I28: ='Índices IGPM'!C23 -> 1120.999 | J28: ='Índices IGPM'!D23 -> 0.018175493 | L28: =H28 -> 124136.51 | N28: =H28 -> 124136.51 | O28: =H28 -> 124136.51 | P28: =IF(AND(E28<>"",DAY(E28)>10),F28*0.02,0) -> 0 | Q28: =IF(AND(E28<>"",DAY(E28)>10),F28*0.00033*(DAY(E28)-10),0) -> 0
B29: 19 | C29: 2022 | D29: FEV | F29: =Reajustes!H5 -> 1034.4756 | H29: =O28-IF(G29="",0,G29) -> 124136.51 | I29: ='Índices IGPM'!C24 -> 1141.546 | J29: ='Índices IGPM'!D24 -> 0.018329187 | L29: =H29 -> 124136.51 | N29: =H29 -> 124136.51 | O29: =H29 -> 124136.51 | P29: =IF(AND(E29<>"",DAY(E29)>10),F29*0.02,0) -> 0 | Q29: =IF(AND(E29<>"",DAY(E29)>10),F29*0.00033*(DAY(E29)-10),0) -> 0
B30: 20 | C30: 2022 | D30: MAR | F30: =Reajustes!H5 -> 1034.4756 | H30: =O29-IF(G30="",0,G30) -> 124136.51 | I30: ='Índices IGPM'!C25 -> 1161.418 | J30: ='Índices IGPM'!D25 -> 0.017407971 | L30: =H30 -> 124136.51 | N30: =H30 -> 124136.51 | O30: =H30 -> 124136.51 | P30: =IF(AND(E30<>"",DAY(E30)>10),F30*0.02,0) -> 0 | Q30: =IF(AND(E30<>"",DAY(E30)>10),F30*0.00033*(DAY(E30)-10),0) -> 0
B31: 21 | C31: 2022 | D31: ABR | F31: =Reajustes!H5 -> 1034.4756 | H31: =O30-IF(G31="",0,G31) -> 124136.51 | I31: ='Índices IGPM'!C26 -> 1177.809 | J31: ='Índices IGPM'!D26 -> 0.014112921 | L31: =H31 -> 124136.51 | N31: =H31 -> 124136.51 | O31: =H31 -> 124136.51 | P31: =IF(AND(E31<>"",DAY(E31)>10),F31*0.02,0) -> 0 | Q31: =IF(AND(E31<>"",DAY(E31)>10),F31*0.00033*(DAY(E31)-10),0) -> 0
B32: 22 | C32: 2022 | D32: MAI | F32: =Reajustes!H5 -> 1034.4756 | H32: =O31-IF(G32="",0,G32) -> 124136.51 | I32: ='Índices IGPM'!C27 -> 1183.953 | J32: ='Índices IGPM'!D27 -> 0.0052164655 | L32: =H32 -> 124136.51 | N32: =H32 -> 124136.51 | O32: =H32 -> 124136.51 | P32: =IF(AND(E32<>"",DAY(E32)>10),F32*0.02,0) -> 0 | Q32: =IF(AND(E32<>"",DAY(E32)>10),F32*0.00033*(DAY(E32)-10),0) -> 0
B33: 23 | C33: 2022 | D33: JUN | F33: =Reajustes!H5 -> 1034.4756 | H33: =O32-IF(G33="",0,G33) -> 124136.51 | I33: ='Índices IGPM'!C28 -> 1190.882 | J33: ='Índices IGPM'!D28 -> 0.0058524283 | L33: =H33 -> 124136.51 | N33: =H33 -> 124136.51 | O33: =H33 -> 124136.51 | P33: =IF(AND(E33<>"",DAY(E33)>10),F33*0.02,0) -> 0 | Q33: =IF(AND(E33<>"",DAY(E33)>10),F33*0.00033*(DAY(E33)-10),0) -> 0
B34: 24 | C34: 2022 | D34: JUL | F34: =Reajustes!H5 -> 1034.4756 | H34: =O33-IF(G34="",0,G34) -> 124136.51 | I34: ='Índices IGPM'!C29 -> 1193.337 | J34: ='Índices IGPM'!D29 -> 0.0020614973 | K34: =Reajustes!F5 -> 0.10076792 | L34: =IF(K34=0,H34,H34*(1+K34)) -> 136645.49 | M34: =Reajustes!E6 -> 0.08084981 | N34: =L34*(1+M34) -> 147693.25 | O34: =N34 -> 147693.25 | P34: =IF(AND(E34<>"",DAY(E34)>10),F34*0.02,0) -> 0 | Q34: =IF(AND(E34<>"",DAY(E34)>10),F34*0.00033*(DAY(E34)-10),0) -> 0
B35: 25 | C35: 2022 | D35: AGO | F35: =Reajustes!H6 -> 1230.7826 | H35: =O34-IF(G35="",0,G35) -> 147693.25 | I35: ='Índices IGPM'!C30 -> 1185.004 | J35: ='Índices IGPM'!D30 -> -0.0069829394 | L35: =H35 -> 147693.25 | N35: =H35 -> 147693.25 | O35: =H35 -> 147693.25 | P35: =IF(AND(E35<>"",DAY(E35)>10),F35*0.02,0) -> 0 | Q35: =IF(AND(E35<>"",DAY(E35)>10),F35*0.00033*(DAY(E35)-10),0) -> 0
B36: 26 | C36: 2022 | D36: SET | F36: =Reajustes!H6 -> 1230.7826 | H36: =O35-IF(G36="",0,G36) -> 147693.25 | I36: ='Índices IGPM'!C31 -> 1173.793 | J36: ='Índices IGPM'!D31 -> -0.0094607276 | L36: =H36 -> 147693.25 | N36: =H36 -> 147693.25 | O36: =H36 -> 147693.25 | P36: =IF(AND(E36<>"",DAY(E36)>10),F36*0.02,0) -> 0 | Q36: =IF(AND(E36<>"",DAY(E36)>10),F36*0.00033*(DAY(E36)-10),0) -> 0
B37: 27 | C37: 2022 | D37: OUT | F37: =Reajustes!H6 -> 1230.7826 | H37: =O36-IF(G37="",0,G37) -> 147693.25 | I37: ='Índices IGPM'!C32 -> 1162.391 | J37: ='Índices IGPM'!D32 -> -0.0097138081 | L37: =H37 -> 147693.25 | N37: =H37 -> 147693.25 | O37: =H37 -> 147693.25 | P37: =IF(AND(E37<>"",DAY(E37)>10),F37*0.02,0) -> 0 | Q37: =IF(AND(E37<>"",DAY(E37)>10),F37*0.00033*(DAY(E37)-10),0) -> 0
B38: 28 | C38: 2022 | D38: NOV | F38: =Reajustes!H6 -> 1230.7826 | H38: =O37-IF(G38="",0,G38) -> 147693.25 | I38: ='Índices IGPM'!C33 -> 1155.829 | J38: ='Índices IGPM'!D33 -> -0.0056452605 | L38: =H38 -> 147693.25 | N38: =H38 -> 147693.25 | O38: =H38 -> 147693.25 | P38: =IF(AND(E38<>"",DAY(E38)>10),F38*0.02,0) -> 0 | Q38: =IF(AND(E38<>"",DAY(E38)>10),F38*0.00033*(DAY(E38)-10),0) -> 0
B39: 29 | C39: 2022 | D39: DEZ | F39: =Reajustes!H6 -> 1230.7826 | H39: =O38-IF(G39="",0,G39) -> 147693.25 | I39: ='Índices IGPM'!C34 -> 1161.006 | J39: ='Índices IGPM'!D34 -> 0.0044790363 | L39: =H39 -> 147693.25 | N39: =H39 -> 147693.25 | O39: =H39 -> 147693.25 | P39: =IF(AND(E39<>"",DAY(E39)>10),F39*0.02,0) -> 0 | Q39: =IF(AND(E39<>"",DAY(E39)>10),F39*0.00033*(DAY(E39)-10),0) -> 0
B40: 30 | C40: 2023 | D40: JAN | F40: =Reajustes!H6 -> 1230.7826 | H40: =O39-IF(G40="",0,G40) -> 147693.25 | I40: ='Índices IGPM'!C35 -> 1163.465 | J40: ='Índices IGPM'!D35 -> 0.0021179908 | L40: =H40 -> 147693.25 | N40: =H40 -> 147693.25 | O40: =H40 -> 147693.25 | P40: =IF(AND(E40<>"",DAY(E40)>10),F40*0.02,0) -> 0 | Q40: =IF(AND(E40<>"",DAY(E40)>10),F40*0.00033*(DAY(E40)-10),0) -> 0
B41: 31 | C41: 2023 | D41: FEV | F41: =Reajustes!H6 -> 1230.7826 | H41: =O40-IF(G41="",0,G41) -> 147693.25 | I41: ='Índices IGPM'!C36 -> 1162.761 | J41: ='Índices IGPM'!D36 -> -0.00060508911 | L41: =H41 -> 147693.25 | N41: =H41 -> 147693.25 | O41: =H41 -> 147693.25 | P41: =IF(AND(E41<>"",DAY(E41)>10),F41*0.02,0) -> 0 | Q41: =IF(AND(E41<>"",DAY(E41)>10),F41*0.00033*(DAY(E41)-10),0) -> 0
B42: 32 | C42: 2023 | D42: MAR | F42: =Reajustes!H6 -> 1230.7826 | H42: =O41-IF(G42="",0,G42) -> 147693.25 | I42: ='Índices IGPM'!C37 -> 1163.359 | J42: ='Índices IGPM'!D37 -> 0.00051429314 | L42: =H42 -> 147693.25 | N42: =H42 -> 147693.25 | O42: =H42 -> 147693.25 | P42: =IF(AND(E42<>"",DAY(E42)>10),F42*0.02,0) -> 0 | Q42: =IF(AND(E42<>"",DAY(E42)>10),F42*0.00033*(DAY(E42)-10),0) -> 0
B43: 33 | C43: 2023 | D43: ABR | F43: =Reajustes!H6 -> 1230.7826 | H43: =O42-IF(G43="",0,G43) -> 147693.25 | I43: ='Índices IGPM'!C38 -> 1152.307 | J43: ='Índices IGPM'!D38 -> -0.0095000769 | L43: =H43 -> 147693.25 | N43: =H43 -> 147693.25 | O43: =H43 -> 147693.25 | P43: =IF(AND(E43<>"",DAY(E43)>10),F43*0.02,0) -> 0 | Q43: =IF(AND(E43<>"",DAY(E43)>10),F43*0.00033*(DAY(E43)-10),0) -> 0
B44: 34 | C44: 2023 | D44: MAI | F44: =Reajustes!H6 -> 1230.7826 | H44: =O43-IF(G44="",0,G44) -> 147693.25 | I44: ='Índices IGPM'!C39 -> 1131.058 | J44: ='Índices IGPM'!D39 -> -0.018440398 | L44: =H44 -> 147693.25 | N44: =H44 -> 147693.25 | O44: =H44 -> 147693.25 | P44: =IF(AND(E44<>"",DAY(E44)>10),F44*0.02,0) -> 0 | Q44: =IF(AND(E44<>"",DAY(E44)>10),F44*0.00033*(DAY(E44)-10),0) -> 0
B45: 35 | C45: 2023 | D45: JUN | F45: =Reajustes!H6 -> 1230.7826 | H45: =O44-IF(G45="",0,G45) -> 147693.25 | I45: ='Índices IGPM'!C40 -> 1109.23 | J45: ='Índices IGPM'!D40 -> -0.019298745 | L45: =H45 -> 147693.25 | N45: =H45 -> 147693.25 | O45: =H45 -> 147693.25 | P45: =IF(AND(E45<>"",DAY(E45)>10),F45*0.02,0) -> 0 | Q45: =IF(AND(E45<>"",DAY(E45)>10),F45*0.00033*(DAY(E45)-10),0) -> 0
B46: 36 | C46: 2023 | D46: JUL | F46: =Reajustes!H6 -> 1230.7826 | H46: =O45-IF(G46="",0,G46) -> 147693.25 | I46: ='Índices IGPM'!C41 -> 1101.204 | J46: ='Índices IGPM'!D41 -> -0.00723565 | K46: =Reajustes!F6 -> -0.077206187 | L46: =IF(K46=0,H46,H46*(1+K46)) -> 136290.42 | M46: =Reajustes!E7 -> 0.087310662 | N46: =L46*(1+M46) -> 148190.02 | O46: =N46 -> 148190.02 | P46: =IF(AND(E46<>"",DAY(E46)>10),F46*0.02,0) -> 0 | Q46: =IF(AND(E46<>"",DAY(E46)>10),F46*0.00033*(DAY(E46)-10),0) -> 0
B47: 37 | C47: 2023 | D47: AGO | F47: =Reajustes!H7 -> 1234.9224 | H47: =O46-IF(G47="",0,G47) -> 148190.02 | I47: ='Índices IGPM'!C42 -> 1099.71 | J47: ='Índices IGPM'!D42 -> -0.0013566969 | L47: =H47 -> 148190.02 | N47: =H47 -> 148190.02 | O47: =H47 -> 148190.02 | P47: =IF(AND(E47<>"",DAY(E47)>10),F47*0.02,0) -> 0 | Q47: =IF(AND(E47<>"",DAY(E47)>10),F47*0.00033*(DAY(E47)-10),0) -> 0
B48: 38 | C48: 2023 | D48: SET | F48: =Reajustes!H7 -> 1234.9224 | H48: =O47-IF(G48="",0,G48) -> 148190.02 | I48: ='Índices IGPM'!C43 -> 1103.74 | J48: ='Índices IGPM'!D43 -> 0.0036646025 | L48: =H48 -> 148190.02 | N48: =H48 -> 148190.02 | O48: =H48 -> 148190.02 | P48: =IF(AND(E48<>"",DAY(E48)>10),F48*0.02,0) -> 0 | Q48: =IF(AND(E48<>"",DAY(E48)>10),F48*0.00033*(DAY(E48)-10),0) -> 0
B49: 39 | C49: 2023 | D49: OUT | F49: =Reajustes!H7 -> 1234.9224 | H49: =O48-IF(G49="",0,G49) -> 148190.02 | I49: ='Índices IGPM'!C44 -> 1109.236 | J49: ='Índices IGPM'!D44 -> 0.0049794336 | L49: =H49 -> 148190.02 | N49: =H49 -> 148190.02 | O49: =H49 -> 148190.02 | P49: =IF(AND(E49<>"",DAY(E49)>10),F49*0.02,0) -> 0 | Q49: =IF(AND(E49<>"",DAY(E49)>10),F49*0.00033*(DAY(E49)-10),0) -> 0
B50: 40 | C50: 2023 | D50: NOV | F50: =Reajustes!H7 -> 1234.9224 | H50: =O49-IF(G50="",0,G50) -> 148190.02 | I50: ='Índices IGPM'!C45 -> 1115.815 | J50: ='Índices IGPM'!D45 -> 0.0059311093 | L50: =H50 -> 148190.02 | N50: =H50 -> 148190.02 | O50: =H50 -> 148190.02 | P50: =IF(AND(E50<>"",DAY(E50)>10),F50*0.02,0) -> 0 | Q50: =IF(AND(E50<>"",DAY(E50)>10),F50*0.00033*(DAY(E50)-10),0) -> 0
B51: 41 | C51: 2023 | D51: DEZ | F51: =Reajustes!H7 -> 1234.9224 | H51: =O50-IF(G51="",0,G51) -> 148190.02 | I51: ='Índices IGPM'!C46 -> 1124.072 | J51: ='Índices IGPM'!D46 -> 0.0073999722 | L51: =H51 -> 148190.02 | N51: =H51 -> 148190.02 | O51: =H51 -> 148190.02 | P51: =IF(AND(E51<>"",DAY(E51)>10),F51*0.02,0) -> 0 | Q51: =IF(AND(E51<>"",DAY(E51)>10),F51*0.00033*(DAY(E51)-10),0) -> 0
B52: 42 | C52: 2024 | D52: JAN | F52: =Reajustes!H7 -> 1234.9224 | H52: =O51-IF(G52="",0,G52) -> 148190.02 | I52: ='Índices IGPM'!C47 -> 1124.879 | J52: ='Índices IGPM'!D47 -> 0.00071792554 | L52: =H52 -> 148190.02 | N52: =H52 -> 148190.02 | O52: =H52 -> 148190.02 | P52: =IF(AND(E52<>"",DAY(E52)>10),F52*0.02,0) -> 0 | Q52: =IF(AND(E52<>"",DAY(E52)>10),F52*0.00033*(DAY(E52)-10),0) -> 0
B53: 43 | C53: 2024 | D53: FEV | F53: =Reajustes!H7 -> 1234.9224 | H53: =O52-IF(G53="",0,G53) -> 148190.02 | I53: ='Índices IGPM'!C48 -> 1119.061 | J53: ='Índices IGPM'!D48 -> -0.0051721118 | L53: =H53 -> 148190.02 | N53: =H53 -> 148190.02 | O53: =H53 -> 148190.02 | P53: =IF(AND(E53<>"",DAY(E53)>10),F53*0.02,0) -> 0 | Q53: =IF(AND(E53<>"",DAY(E53)>10),F53*0.00033*(DAY(E53)-10),0) -> 0
B54: 44 | C54: 2024 | D54: MAR | F54: =Reajustes!H7 -> 1234.9224 | H54: =O53-IF(G54="",0,G54) -> 148190.02 | I54: ='Índices IGPM'!C49 -> 1113.837 | J54: ='Índices IGPM'!D49 -> -0.0046681995 | L54: =H54 -> 148190.02 | N54: =H54 -> 148190.02 | O54: =H54 -> 148190.02 | P54: =IF(AND(E54<>"",DAY(E54)>10),F54*0.02,0) -> 0 | Q54: =IF(AND(E54<>"",DAY(E54)>10),F54*0.00033*(DAY(E54)-10),0) -> 0
B55: 45 | C55: 2024 | D55: ABR | F55: =Reajustes!H7 -> 1234.9224 | H55: =O54-IF(G55="",0,G55) -> 148190.02 | I55: ='Índices IGPM'!C50 -> 1117.28 | J55: ='Índices IGPM'!D50 -> 0.0030911166 | L55: =H55 -> 148190.02 | N55: =H55 -> 148190.02 | O55: =H55 -> 148190.02 | P55: =IF(AND(E55<>"",DAY(E55)>10),F55*0.02,0) -> 0 | Q55: =IF(AND(E55<>"",DAY(E55)>10),F55*0.00033*(DAY(E55)-10),0) -> 0
B56: 46 | C56: 2024 | D56: MAI | F56: =Reajustes!H7 -> 1234.9224 | H56: =O55-IF(G56="",0,G56) -> 148190.02 | I56: ='Índices IGPM'!C51 -> 1127.233 | J56: ='Índices IGPM'!D51 -> 0.0089082414 | L56: =H56 -> 148190.02 | N56: =H56 -> 148190.02 | O56: =H56 -> 148190.02 | P56: =IF(AND(E56<>"",DAY(E56)>10),F56*0.02,0) -> 0 | Q56: =IF(AND(E56<>"",DAY(E56)>10),F56*0.00033*(DAY(E56)-10),0) -> 0
B57: 47 | C57: 2024 | D57: JUN | F57: =Reajustes!H7 -> 1234.9224 | H57: =O56-IF(G57="",0,G57) -> 148190.02 | I57: ='Índices IGPM'!C52 -> 1136.409 | J57: ='Índices IGPM'!D52 -> 0.0081402869 | L57: =H57 -> 148190.02 | N57: =H57 -> 148190.02 | O57: =H57 -> 148190.02 | P57: =IF(AND(E57<>"",DAY(E57)>10),F57*0.02,0) -> 0 | Q57: =IF(AND(E57<>"",DAY(E57)>10),F57*0.00033*(DAY(E57)-10),0) -> 0
B58: 48 | C58: 2024 | D58: JUL | F58: =Reajustes!H7 -> 1234.9224 | H58: =O57-IF(G58="",0,G58) -> 148190.02 | I58: ='Índices IGPM'!C53 -> 1143.313 | J58: ='Índices IGPM'!D53 -> 0.0060752775 | K58: =Reajustes!F7 -> 0.038239055 | L58: =IF(K58=0,H58,H58*(1+K58)) -> 153856.67 | M58: =Reajustes!E8 -> 0.093806898 | N58: =L58*(1+M58) -> 168289.49 | O58: =N58 -> 168289.49 | P58: =IF(AND(E58<>"",DAY(E58)>10),F58*0.02,0) -> 0 | Q58: =IF(AND(E58<>"",DAY(E58)>10),F58*0.00033*(DAY(E58)-10),0) -> 0
B59: 49 | C59: 2024 | D59: AGO | F59: =Reajustes!H8 -> 1402.4187 | H59: =O58-IF(G59="",0,G59) -> 168289.49 | I59: ='Índices IGPM'!C54 -> 1146.575 | J59: ='Índices IGPM'!D54 -> 0.002853112 | L59: =H59 -> 168289.49 | N59: =H59 -> 168289.49 | O59: =H59 -> 168289.49 | P59: =IF(AND(E59<>"",DAY(E59)>10),F59*0.02,0) -> 0 | Q59: =IF(AND(E59<>"",DAY(E59)>10),F59*0.00033*(DAY(E59)-10),0) -> 0
B60: 50 | C60: 2024 | D60: SET | F60: =Reajustes!H8 -> 1402.4187 | H60: =O59-IF(G60="",0,G60) -> 168289.49 | I60: ='Índices IGPM'!C55 -> 1153.718 | J60: ='Índices IGPM'!D55 -> 0.0062298585 | L60: =H60 -> 168289.49 | N60: =H60 -> 168289.49 | O60: =H60 -> 168289.49 | P60: =IF(AND(E60<>"",DAY(E60)>10),F60*0.02,0) -> 0 | Q60: =IF(AND(E60<>"",DAY(E60)>10),F60*0.00033*(DAY(E60)-10),0) -> 0
B61: 51 | C61: 2024 | D61: OUT | F61: =Reajustes!H8 -> 1402.4187 | H61: =O60-IF(G61="",0,G61) -> 168289.49 | I61: ='Índices IGPM'!C56 -> 1171.272 | J61: ='Índices IGPM'!D56 -> 0.015215157 | L61: =H61 -> 168289.49 | N61: =H61 -> 168289.49 | O61: =H61 -> 168289.49 | P61: =IF(AND(E61<>"",DAY(E61)>10),F61*0.02,0) -> 0 | Q61: =IF(AND(E61<>"",DAY(E61)>10),F61*0.00033*(DAY(E61)-10),0) -> 0
B62: 52 | C62: 2024 | D62: NOV | F62: =Reajustes!H8 -> 1402.4187 | H62: =O61-IF(G62="",0,G62) -> 168289.49 | I62: ='Índices IGPM'!C57 -> 1186.462 | J62: ='Índices IGPM'!D57 -> 0.012968807 | L62: =H62 -> 168289.49 | N62: =H62 -> 168289.49 | O62: =H62 -> 168289.49 | P62: =IF(AND(E62<>"",DAY(E62)>10),F62*0.02,0) -> 0 | Q62: =IF(AND(E62<>"",DAY(E62)>10),F62*0.00033*(DAY(E62)-10),0) -> 0
B63: 53 | C63: 2024 | D63: DEZ | F63: =Reajustes!H8 -> 1402.4187 | H63: =O62-IF(G63="",0,G63) -> 168289.49 | I63: ='Índices IGPM'!C58 -> 1197.615 | J63: ='Índices IGPM'!D58 -> 0.0094002168 | L63: =H63 -> 168289.49 | N63: =H63 -> 168289.49 | O63: =H63 -> 168289.49 | P63: =IF(AND(E63<>"",DAY(E63)>10),F63*0.02,0) -> 0 | Q63: =IF(AND(E63<>"",DAY(E63)>10),F63*0.00033*(DAY(E63)-10),0) -> 0
B64: 54 | C64: 2025 | D64: JAN | F64: =Reajustes!H8 -> 1402.4187 | H64: =O63-IF(G64="",0,G64) -> 168289.49 | I64: ='Índices IGPM'!C59 -> 1200.848 | J64: ='Índices IGPM'!D59 -> 0.002699532 | L64: =H64 -> 168289.49 | N64: =H64 -> 168289.49 | O64: =H64 -> 168289.49 | P64: =IF(AND(E64<>"",DAY(E64)>10),F64*0.02,0) -> 0 | Q64: =IF(AND(E64<>"",DAY(E64)>10),F64*0.00033*(DAY(E64)-10),0) -> 0
B65: 55 | C65: 2025 | D65: FEV | F65: =Reajustes!H8 -> 1402.4187 | H65: =O64-IF(G65="",0,G65) -> 168289.49 | I65: ='Índices IGPM'!C60 -> 1213.577 | J65: ='Índices IGPM'!D60 -> 0.010600009 | L65: =H65 -> 168289.49 | N65: =H65 -> 168289.49 | O65: =H65 -> 168289.49 | P65: =IF(AND(E65<>"",DAY(E65)>10),F65*0.02,0) -> 0 | Q65: =IF(AND(E65<>"",DAY(E65)>10),F65*0.00033*(DAY(E65)-10),0) -> 0
B66: 56 | C66: 2025 | D66: MAR | F66: =Reajustes!H8 -> 1402.4187 | H66: =O65-IF(G66="",0,G66) -> 168289.49 | I66: ='Índices IGPM'!C61 -> 1209.451 | J66: ='Índices IGPM'!D61 -> -0.0033998667 | L66: =H66 -> 168289.49 | N66: =H66 -> 168289.49 | O66: =H66 -> 168289.49 | P66: =IF(AND(E66<>"",DAY(E66)>10),F66*0.02,0) -> 0 | Q66: =IF(AND(E66<>"",DAY(E66)>10),F66*0.00033*(DAY(E66)-10),0) -> 0
B67: 57 | C67: 2025 | D67: ABR | F67: =Reajustes!H8 -> 1402.4187 | H67: =O66-IF(G67="",0,G67) -> 168289.49 | I67: ='Índices IGPM'!C62 -> 1212.354 | J67: ='Índices IGPM'!D62 -> 0.0024002626 | L67: =H67 -> 168289.49 | N67: =H67 -> 168289.49 | O67: =H67 -> 168289.49 | P67: =IF(AND(E67<>"",DAY(E67)>10),F67*0.02,0) -> 0 | Q67: =IF(AND(E67<>"",DAY(E67)>10),F67*0.00033*(DAY(E67)-10),0) -> 0
B68: 58 | C68: 2025 | D68: MAI | F68: =Reajustes!H8 -> 1402.4187 | H68: =O67-IF(G68="",0,G68) -> 168289.49 | I68: ='Índices IGPM'!C63 -> 1206.413 | J68: ='Índices IGPM'!D63 -> -0.0049003839 | L68: =H68 -> 168289.49 | N68: =H68 -> 168289.49 | O68: =H68 -> 168289.49 | P68: =IF(AND(E68<>"",DAY(E68)>10),F68*0.02,0) -> 0 | Q68: =IF(AND(E68<>"",DAY(E68)>10),F68*0.00033*(DAY(E68)-10),0) -> 0
B69: 59 | C69: 2025 | D69: JUN | F69: =Reajustes!H8 -> 1402.4187 | H69: =O68-IF(G69="",0,G69) -> 168289.49 | I69: ='Índices IGPM'!C64 -> 1186.266 | J69: ='Índices IGPM'!D64 -> -0.01669992 | L69: =H69 -> 168289.49 | N69: =H69 -> 168289.49 | O69: =H69 -> 168289.49 | P69: =IF(AND(E69<>"",DAY(E69)>10),F69*0.02,0) -> 0 | Q69: =IF(AND(E69<>"",DAY(E69)>10),F69*0.00033*(DAY(E69)-10),0) -> 0
B70: 60 | C70: 2025 | D70: JUL | F70: =Reajustes!H8 -> 1402.4187 | H70: =O69-IF(G70="",0,G70) -> 168289.49 | I70: ='Índices IGPM'!C65 -> 1177.132 | J70: ='Índices IGPM'!D65 -> -0.0076997908 | K70: =Reajustes!F8 -> 0.029579826 | L70: =IF(K70=0,H70,H70*(1+K70)) -> 173267.46 | M70: =Reajustes!E9 -> 0.10033869 | N70: =L70*(1+M70) -> 190652.89 | O70: =N70 -> 190652.89 | P70: =IF(AND(E70<>"",DAY(E70)>10),F70*0.02,0) -> 0 | Q70: =IF(AND(E70<>"",DAY(E70)>10),F70*0.00033*(DAY(E70)-10),0) -> 0
B71: 61 | C71: 2025 | D71: AGO | F71: =Reajustes!H9 -> 1588.7813 | H71: =O70-IF(G71="",0,G71) -> 190652.89 | I71: ='Índices IGPM'!C66 -> 1181.37 | J71: ='Índices IGPM'!D66 -> 0.0036002759 | L71: =H71 -> 190652.89 | N71: =H71 -> 190652.89 | O71: =H71 -> 190652.89 | P71: =IF(AND(E71<>"",DAY(E71)>10),F71*0.02,0) -> 0 | Q71: =IF(AND(E71<>"",DAY(E71)>10),F71*0.00033*(DAY(E71)-10),0) -> 0
B72: 62 | C72: 2025 | D72: SET | F72: =Reajustes!H9 -> 1588.7813 | H72: =O71-IF(G72="",0,G72) -> 190652.89 | I72: ='Índices IGPM'!C67 -> 1186.331 | J72: ='Índices IGPM'!D67 -> 0.0041993618 | L72: =H72 -> 190652.89 | N72: =H72 -> 190652.89 | O72: =H72 -> 190652.89 | P72: =IF(AND(E72<>"",DAY(E72)>10),F72*0.02,0) -> 0 | Q72: =IF(AND(E72<>"",DAY(E72)>10),F72*0.00033*(DAY(E72)-10),0) -> 0
B73: 63 | C73: 2025 | D73: OUT | F73: =Reajustes!H9 -> 1588.7813 | H73: =O72-IF(G73="",0,G73) -> 190652.89 | I73: ='Índices IGPM'!C68 -> 1182.061 | J73: ='Índices IGPM'!D68 -> -0.0035993327 | L73: =H73 -> 190652.89 | N73: =H73 -> 190652.89 | O73: =H73 -> 190652.89 | P73: =IF(AND(E73<>"",DAY(E73)>10),F73*0.02,0) -> 0 | Q73: =IF(AND(E73<>"",DAY(E73)>10),F73*0.00033*(DAY(E73)-10),0) -> 0
B74: 64 | C74: 2025 | D74: NOV | F74: =Reajustes!H9 -> 1588.7813 | H74: =O73-IF(G74="",0,G74) -> 190652.89 | I74: ='Índices IGPM'!C69 -> 1185.252 | J74: ='Índices IGPM'!D69 -> 0.0026995223 | L74: =H74 -> 190652.89 | N74: =H74 -> 190652.89 | O74: =H74 -> 190652.89 | P74: =IF(AND(E74<>"",DAY(E74)>10),F74*0.02,0) -> 0 | Q74: =IF(AND(E74<>"",DAY(E74)>10),F74*0.00033*(DAY(E74)-10),0) -> 0
B75: 65 | C75: 2025 | D75: DEZ | F75: =Reajustes!H9 -> 1588.7813 | H75: =O74-IF(G75="",0,G75) -> 190652.89 | I75: ='Índices IGPM'!C70 -> 1185.134 | J75: ='Índices IGPM'!D70 -> -9.9556887e-05 | L75: =H75 -> 190652.89 | N75: =H75 -> 190652.89 | O75: =H75 -> 190652.89 | P75: =IF(AND(E75<>"",DAY(E75)>10),F75*0.02,0) -> 0 | Q75: =IF(AND(E75<>"",DAY(E75)>10),F75*0.00033*(DAY(E75)-10),0) -> 0
B76: 66 | C76: 2026 | D76: JAN | F76: =Reajustes!H9 -> 1588.7813 | H76: =O75-IF(G76="",0,G76) -> 190652.89 | I76: ='Índices IGPM'!C71 -> 1189.993 | J76: ='Índices IGPM'!D71 -> 0.0040999583 | L76: =H76 -> 190652.89 | N76: =H76 -> 190652.89 | O76: =H76 -> 190652.89 | P76: =IF(AND(E76<>"",DAY(E76)>10),F76*0.02,0) -> 0 | Q76: =IF(AND(E76<>"",DAY(E76)>10),F76*0.00033*(DAY(E76)-10),0) -> 0
B77: 67 | C77: 2026 | D77: FEV | F77: =Reajustes!H9 -> 1588.7813 | H77: =O76-IF(G77="",0,G77) -> 190652.89 | I77: ='Índices IGPM'!C72 -> 1181.306 | J77: ='Índices IGPM'!D72 -> -0.0073000429 | L77: =H77 -> 190652.89 | N77: =H77 -> 190652.89 | O77: =H77 -> 190652.89 | P77: =IF(AND(E77<>"",DAY(E77)>10),F77*0.02,0) -> 0 | Q77: =IF(AND(E77<>"",DAY(E77)>10),F77*0.00033*(DAY(E77)-10),0) -> 0
B78: 68 | C78: 2026 | D78: MAR | F78: =Reajustes!H9 -> 1588.7813 | H78: =O77-IF(G78="",0,G78) -> 190652.89 | L78: =H78 -> 190652.89 | N78: =H78 -> 190652.89 | O78: =H78 -> 190652.89 | P78: =IF(AND(E78<>"",DAY(E78)>10),F78*0.02,0) -> 0 | Q78: =IF(AND(E78<>"",DAY(E78)>10),F78*0.00033*(DAY(E78)-10),0) -> 0
B79: 69 | C79: 2026 | D79: ABR | F79: =Reajustes!H9 -> 1588.7813 | H79: =O78-IF(G79="",0,G79) -> 190652.89 | L79: =H79 -> 190652.89 | N79: =H79 -> 190652.89 | O79: =H79 -> 190652.89 | P79: =IF(AND(E79<>"",DAY(E79)>10),F79*0.02,0) -> 0 | Q79: =IF(AND(E79<>"",DAY(E79)>10),F79*0.00033*(DAY(E79)-10),0) -> 0
B80: 70 | C80: 2026 | D80: MAI | F80: =Reajustes!H9 -> 1588.7813 | H80: =O79-IF(G80="",0,G80) -> 190652.89 | L80: =H80 -> 190652.89 | N80: =H80 -> 190652.89 | O80: =H80 -> 190652.89 | P80: =IF(AND(E80<>"",DAY(E80)>10),F80*0.02,0) -> 0 | Q80: =IF(AND(E80<>"",DAY(E80)>10),F80*0.00033*(DAY(E80)-10),0) -> 0
B81: 71 | C81: 2026 | D81: JUN | F81: =Reajustes!H9 -> 1588.7813 | H81: =O80-IF(G81="",0,G81) -> 190652.89 | L81: =H81 -> 190652.89 | N81: =H81 -> 190652.89 | O81: =H81 -> 190652.89 | P81: =IF(AND(E81<>"",DAY(E81)>10),F81*0.02,0) -> 0 | Q81: =IF(AND(E81<>"",DAY(E81)>10),F81*0.00033*(DAY(E81)-10),0) -> 0
B82: 72 | C82: 2026 | D82: JUL | F82: =Reajustes!H9 -> 1588.7813 | H82: =O81-IF(G82="",0,G82) -> 190652.89 | K82: =Reajustes!F9 -> 0 | L82: =IF(K82=0,H82,H82*(1+K82)) -> 190652.89 | M82: =Reajustes!E10 -> 0.10690623 | N82: =L82*(1+M82) -> 211034.87 | O82: =N82 -> 211034.87 | P82: =IF(AND(E82<>"",DAY(E82)>10),F82*0.02,0) -> 0 | Q82: =IF(AND(E82<>"",DAY(E82)>10),F82*0.00033*(DAY(E82)-10),0) -> 0
B83: 73 | C83: 2026 | D83: AGO | F83: =Reajustes!H10 -> 1588.7813 | H83: =O82-IF(G83="",0,G83) -> 211034.87 | L83: =H83 -> 211034.87 | N83: =H83 -> 211034.87 | O83: =H83 -> 211034.87 | P83: =IF(AND(E83<>"",DAY(E83)>10),F83*0.02,0) -> 0 | Q83: =IF(AND(E83<>"",DAY(E83)>10),F83*0.00033*(DAY(E83)-10),0) -> 0
B84: 74 | C84: 2026 | D84: SET | F84: =Reajustes!H10 -> 1588.7813 | H84: =O83-IF(G84="",0,G84) -> 211034.87 | L84: =H84 -> 211034.87 | N84: =H84 -> 211034.87 | O84: =H84 -> 211034.87 | P84: =IF(AND(E84<>"",DAY(E84)>10),F84*0.02,0) -> 0 | Q84: =IF(AND(E84<>"",DAY(E84)>10),F84*0.00033*(DAY(E84)-10),0) -> 0
B85: 75 | C85: 2026 | D85: OUT | F85: =Reajustes!H10 -> 1588.7813 | H85: =O84-IF(G85="",0,G85) -> 211034.87 | L85: =H85 -> 211034.87 | N85: =H85 -> 211034.87 | O85: =H85 -> 211034.87 | P85: =IF(AND(E85<>"",DAY(E85)>10),F85*0.02,0) -> 0 | Q85: =IF(AND(E85<>"",DAY(E85)>10),F85*0.00033*(DAY(E85)-10),0) -> 0
B86: 76 | C86: 2026 | D86: NOV | F86: =Reajustes!H10 -> 1588.7813 | H86: =O85-IF(G86="",0,G86) -> 211034.87 | L86: =H86 -> 211034.87 | N86: =H86 -> 211034.87 | O86: =H86 -> 211034.87 | P86: =IF(AND(E86<>"",DAY(E86)>10),F86*0.02,0) -> 0 | Q86: =IF(AND(E86<>"",DAY(E86)>10),F86*0.00033*(DAY(E86)-10),0) -> 0
B87: 77 | C87: 2026 | D87: DEZ | F87: =Reajustes!H10 -> 1588.7813 | H87: =O86-IF(G87="",0,G87) -> 211034.87 | L87: =H87 -> 211034.87 | N87: =H87 -> 211034.87 | O87: =H87 -> 211034.87 | P87: =IF(AND(E87<>"",DAY(E87)>10),F87*0.02,0) -> 0 | Q87: =IF(AND(E87<>"",DAY(E87)>10),F87*0.00033*(DAY(E87)-10),0) -> 0
B88: 78 | C88: 2027 | D88: JAN | F88: =Reajustes!H10 -> 1588.7813 | H88: =O87-IF(G88="",0,G88) -> 211034.87 | L88: =H88 -> 211034.87 | N88: =H88 -> 211034.87 | O88: =H88 -> 211034.87 | P88: =IF(AND(E88<>"",DAY(E88)>10),F88*0.02,0) -> 0 | Q88: =IF(AND(E88<>"",DAY(E88)>10),F88*0.00033*(DAY(E88)-10),0) -> 0
B89: 79 | C89: 2027 | D89: FEV | F89: =Reajustes!H10 -> 1588.7813 | H89: =O88-IF(G89="",0,G89) -> 211034.87 | L89: =H89 -> 211034.87 | N89: =H89 -> 211034.87 | O89: =H89 -> 211034.87 | P89: =IF(AND(E89<>"",DAY(E89)>10),F89*0.02,0) -> 0 | Q89: =IF(AND(E89<>"",DAY(E89)>10),F89*0.00033*(DAY(E89)-10),0) -> 0
B90: 80 | C90: 2027 | D90: MAR | F90: =Reajustes!H10 -> 1588.7813 | H90: =O89-IF(G90="",0,G90) -> 211034.87 | L90: =H90 -> 211034.87 | N90: =H90 -> 211034.87 | O90: =H90 -> 211034.87 | P90: =IF(AND(E90<>"",DAY(E90)>10),F90*0.02,0) -> 0 | Q90: =IF(AND(E90<>"",DAY(E90)>10),F90*0.00033*(DAY(E90)-10),0) -> 0
B91: 81 | C91: 2027 | D91: ABR | F91: =Reajustes!H10 -> 1588.7813 | H91: =O90-IF(G91="",0,G91) -> 211034.87 | L91: =H91 -> 211034.87 | N91: =H91 -> 211034.87 | O91: =H91 -> 211034.87 | P91: =IF(AND(E91<>"",DAY(E91)>10),F91*0.02,0) -> 0 | Q91: =IF(AND(E91<>"",DAY(E91)>10),F91*0.00033*(DAY(E91)-10),0) -> 0
B92: 82 | C92: 2027 | D92: MAI | F92: =Reajustes!H10 -> 1588.7813 | H92: =O91-IF(G92="",0,G92) -> 211034.87 | L92: =H92 -> 211034.87 | N92: =H92 -> 211034.87 | O92: =H92 -> 211034.87 | P92: =IF(AND(E92<>"",DAY(E92)>10),F92*0.02,0) -> 0 | Q92: =IF(AND(E92<>"",DAY(E92)>10),F92*0.00033*(DAY(E92)-10),0) -> 0
B93: 83 | C93: 2027 | D93: JUN | F93: =Reajustes!H10 -> 1588.7813 | H93: =O92-IF(G93="",0,G93) -> 211034.87 | L93: =H93 -> 211034.87 | N93: =H93 -> 211034.87 | O93: =H93 -> 211034.87 | P93: =IF(AND(E93<>"",DAY(E93)>10),F93*0.02,0) -> 0 | Q93: =IF(AND(E93<>"",DAY(E93)>10),F93*0.00033*(DAY(E93)-10),0) -> 0
B94: 84 | C94: 2027 | D94: JUL | F94: =Reajustes!H10 -> 1588.7813 | H94: =O93-IF(G94="",0,G94) -> 211034.87 | K94: =Reajustes!F10 -> 0 | L94: =IF(K94=0,H94,H94*(1+K94)) -> 211034.87 | M94: =Reajustes!E11 -> 0.10690623 | N94: =L94*(1+M94) -> 233595.81 | O94: =N94 -> 233595.81 | P94: =IF(AND(E94<>"",DAY(E94)>10),F94*0.02,0) -> 0 | Q94: =IF(AND(E94<>"",DAY(E94)>10),F94*0.00033*(DAY(E94)-10),0) -> 0
B95: 85 | C95: 2027 | D95: AGO | F95: =Reajustes!H11 -> 1588.7813 | H95: =O94-IF(G95="",0,G95) -> 233595.81 | L95: =H95 -> 233595.81 | N95: =H95 -> 233595.81 | O95: =H95 -> 233595.81 | P95: =IF(AND(E95<>"",DAY(E95)>10),F95*0.02,0) -> 0 | Q95: =IF(AND(E95<>"",DAY(E95)>10),F95*0.00033*(DAY(E95)-10),0) -> 0
B96: 86 | C96: 2027 | D96: SET | F96: =Reajustes!H11 -> 1588.7813 | H96: =O95-IF(G96="",0,G96) -> 233595.81 | L96: =H96 -> 233595.81 | N96: =H96 -> 233595.81 | O96: =H96 -> 233595.81 | P96: =IF(AND(E96<>"",DAY(E96)>10),F96*0.02,0) -> 0 | Q96: =IF(AND(E96<>"",DAY(E96)>10),F96*0.00033*(DAY(E96)-10),0) -> 0
B97: 87 | C97: 2027 | D97: OUT | F97: =Reajustes!H11 -> 1588.7813 | H97: =O96-IF(G97="",0,G97) -> 233595.81 | L97: =H97 -> 233595.81 | N97: =H97 -> 233595.81 | O97: =H97 -> 233595.81 | P97: =IF(AND(E97<>"",DAY(E97)>10),F97*0.02,0) -> 0 | Q97: =IF(AND(E97<>"",DAY(E97)>10),F97*0.00033*(DAY(E97)-10),0) -> 0
B98: 88 | C98: 2027 | D98: NOV | F98: =Reajustes!H11 -> 1588.7813 | H98: =O97-IF(G98="",0,G98) -> 233595.81 | L98: =H98 -> 233595.81 | N98: =H98 -> 233595.81 | O98: =H98 -> 233595.81 | P98: =IF(AND(E98<>"",DAY(E98)>10),F98*0.02,0) -> 0 | Q98: =IF(AND(E98<>"",DAY(E98)>10),F98*0.00033*(DAY(E98)-10),0) -> 0
B99: 89 | C99: 2027 | D99: DEZ | F99: =Reajustes!H11 -> 1588.7813 | H99: =O98-IF(G99="",0,G99) -> 233595.81 | L99: =H99 -> 233595.81 | N99: =H99 -> 233595.81 | O99: =H99 -> 233595.81 | P99: =IF(AND(E99<>"",DAY(E99)>10),F99*0.02,0) -> 0 | Q99: =IF(AND(E99<>"",DAY(E99)>10),F99*0.00033*(DAY(E99)-10),0) -> 0
B100: 90 | C100: 2028 | D100: JAN | F100: =Reajustes!H11 -> 1588.7813 | H100: =O99-IF(G100="",0,G100) -> 233595.81 | L100: =H100 -> 233595.81 | N100: =H100 -> 233595.81 | O100: =H100 -> 233595.81 | P100: =IF(AND(E100<>"",DAY(E100)>10),F100*0.02,0) -> 0 | Q100: =IF(AND(E100<>"",DAY(E100)>10),F100*0.00033*(DAY(E100)-10),0) -> 0
B101: 91 | C101: 2028 | D101: FEV | F101: =Reajustes!H11 -> 1588.7813 | H101: =O100-IF(G101="",0,G101) -> 233595.81 | L101: =H101 -> 233595.81 | N101: =H101 -> 233595.81 | O101: =H101 -> 233595.81 | P101: =IF(AND(E101<>"",DAY(E101)>10),F101*0.02,0) -> 0 | Q101: =IF(AND(E101<>"",DAY(E101)>10),F101*0.00033*(DAY(E101)-10),0) -> 0
B102: 92 | C102: 2028 | D102: MAR | F102: =Reajustes!H11 -> 1588.7813 | H102: =O101-IF(G102="",0,G102) -> 233595.81 | L102: =H102 -> 233595.81 | N102: =H102 -> 233595.81 | O102: =H102 -> 233595.81 | P102: =IF(AND(E102<>"",DAY(E102)>10),F102*0.02,0) -> 0 | Q102: =IF(AND(E102<>"",DAY(E102)>10),F102*0.00033*(DAY(E102)-10),0) -> 0
...

Sheet Índices IGPM
A1: SÉRIE HISTÓRICA IGPM - FGV/IBRE
A2: Fonte: FGV/IBRE | Atualizado até FEV/2026 | Início: JUN/2020 (mês do contrato)
A3: ANO | B3: MÊS | C3: NÚM. ÍNDICE | D3: VAR. MENSAL | E3: VAR. ACUM. DESDE JUN/20
A4: 2020 | B4: JUN | C4: 792.429 | E4: 0
A5: 2020 | B5: JUL | C5: 810.083 | D5: =(C5-C4)/C4 -> 0.022278337 | E5: =C5/C$4-1 -> 0.022278337
A6: 2020 | B6: AGO | C6: 832.313 | D6: =(C6-C5)/C5 -> 0.027441633 | E6: =C6/C$4-1 -> 0.050331323
A7: 2020 | B7: SET | C7: 868.442 | D7: =(C7-C6)/C6 -> 0.043407949 | E7: =C7/C$4-1 -> 0.095924051
A8: 2020 | B8: OUT | C8: 896.505 | D8: =(C8-C7)/C7 -> 0.03231419 | E8: =C8/C$4-1 -> 0.13133795
A9: 2020 | B9: NOV | C9: 925.887 | D9: =(C9-C8)/C8 -> 0.032773939 | E9: =C9/C$4-1 -> 0.16841635
A10: 2020 | B10: DEZ | C10: 934.758 | D10: =(C10-C9)/C9 -> 0.0095810828 | E10: =C10/C$4-1 -> 0.17961104
A11: 2021 | B11: JAN | C11: 958.844 | D11: =(C11-C10)/C10 -> 0.025767097 | E11: =C11/C$4-1 -> 0.2100062
A12: 2021 | B12: FEV | C12: 983.063 | D12: =(C12-C11)/C11 -> 0.02525854 | E12: =C12/C$4-1 -> 0.24056919
A13: 2021 | B13: MAR | C13: 1011.948 | D13: =(C13-C12)/C12 -> 0.029382654 | E13: =C13/C$4-1 -> 0.2770204
A14: 2021 | B14: ABR | C14: 1027.211 | D14: =(C14-C13)/C13 -> 0.015082791 | E14: =C14/C$4-1 -> 0.29628143
A15: 2021 | B15: MAI | C15: 1069.289 | D15: =(C15-C14)/C14 -> 0.040963346 | E15: =C15/C$4-1 -> 0.34938146
A16: 2021 | B16: JUN | C16: 1075.733 | D16: =(C16-C15)/C15 -> 0.0060264344 | E16: =C16/C$4-1 -> 0.35751342
... A72: 2026 | B72: FEV | C72: 1181.306 | D72: =(C72-C71)/C71 -> -0.0073000429 | E72: =C72/C$4-1 -> 0.4907405

Sheet Reajustes
A1: PARÂMETROS DE REAJUSTE ANUAL
A2: Cláusula 2.2 - Correção: IGPM acumulado 12 meses + Juros compostos mensais
A3: ANO CONTRATUAL | B3: PARCELAS | C3: PERÍODO | D3: JUROS a.m. | E3: JUROS COMP. 12 MESES | F3: IGPM ACUM 12 MESES | G3: FATOR CORREÇÃO | H3: PARCELA MENSAL (R$)
A4: 1º ANO | B4: 1 - 12 | C4: AGO/20 a JUL/21 | D4: 0 | E4: 0 | F4: ='Índices IGPM'!C17/'Índices IGPM'!C5-1 -> 0.33825176 | G4: 1 | H4: 719.46
A5: 2º ANO | B5: 13 - 24 | C5: AGO/21 a JUL/22 | D5: 0.006 | E5: =(1+D5)^12-1 -> 0.074424168 | F5: ='Índices IGPM'!C29/'Índices IGPM'!C17-1 -> 0.10076792 | G5: =IF(F4=0,1,(1+F4)*(1+E5)) -> 1.43785 | H5: =H4*G5 -> 1034.4756
A6: 3º ANO | B6: 25 - 36 | C6: AGO/22 a JUL/23 | D6: 0.0065 | E6: =(1+D6)^12-1 -> 0.08084981 | F6: ='Índices IGPM'!C41/'Índices IGPM'!C29-1 -> -0.077206187 | G6: =IF(F5=0,1,(1+F5)*(1+E6)) -> 1.1897648 | H6: =H5*G6 -> 1230.7826
A7: 4º ANO | B7: 37 - 48 | C7: AGO/23 a JUL/24 | D7: 0.007 | E7: =(1+D7)^12-1 -> 0.087310662 | F7: ='Índices IGPM'!C53/'Índices IGPM'!C41-1 -> 0.038239055 | G7: =IF(F6=0,1,(1+F6)*(1+E7)) -> 1.0033636 | H7: =H6*G7 -> 1234.9224
A8: 5º ANO | B8: 49 - 60 | C8: AGO/24 a JUL/25 | D8: 0.0075 | E8: =(1+D8)^12-1 -> 0.093806898 | F8: ='Índices IGPM'!C65/'Índices IGPM'!C53-1 -> 0.029579826 | G8: =IF(F7=0,1,(1+F7)*(1+E8)) -> 1.135633 | H8: =H7*G8 -> 1402.4187
A9: 6º ANO | B9: 61 - 72 | C9: AGO/25 a JUL/26 | D9: 0.008 | E9: =(1+D9)^12-1 -> 0.10033869 | F9: 0 | G9: =IF(F8=0,1,(1+F8)*(1+E9)) -> 1.1328865 | H9: =H8*G9 -> 1588.7813
A10: 7º ANO | B10: 73 - 84 | C10: AGO/26 a JUL/27 | D10: 0.0085 | E10: =(1+D10)^12-1 -> 0.10690623 | F10: 0 | G10: =IF(F9=0,1,(1+F9)*(1+E10)) -> 1 | H10: =H9*G10 -> 1588.7813
A11: 8º ANO | B11: 85 - 96 | C11: AGO/27 a JUL/28 | D11: 0.0085 | E11: =(1+D11)^12-1 -> 0.10690623 | F11: 0 | G11: =IF(F10=0,1,(1+F10)*(1+E11)) -> 1 | H11: =H10*G11 -> 1588.7813
A12: 9º ANO | B12: 97 - 108 | C12: AGO/28 a JUL/29 | D12: 0.0085 | E12: =(1+D12)^12-1 -> 0.10690623 | F12: 0 | G12: =IF(F11=0,1,(1+F11)*(1+E12)) -> 1 | H12: =H11*G12 -> 1588.7813
A13: 10º ANO | B13: 109 - 120 | C13: AGO/29 a JUL/30 | D13: 0.0085 | E13: =(1+D13)^12-1 -> 0.10690623 | F13: 0 | G13: =IF(F12=0,1,(1+F12)*(1+E13)) -> 1 | H13: =H12*G13 -> 1588.7813
A15: FÓRMULA: Parcela(N) = Parcela(N-1) × Fator Correção
A16: FATOR: (1 + IGPM acum 12m do ano anterior) × (1 + Juros compostos 12m do ano corrente)
A17: IGPM: calculado JUL/ano anterior ÷ JUL/ano retrasado - conforme cláusula 2.2
